{
    "type": "bitumite",
    "coal_smiles_list": [
        "OCc1cnc2cc3ccccc3cc2c1",
        "OCCSc1cc2ccccc2c2ccccc12",
        "OCc1cc2ccc3ccccc3c2cc1S",
        "OCCc1cc2c(ccc3ccccc32)cn1",
        "Oc1ccc2cc3ccccc3cc2c1",
        "Oc1nc2ccccc2c2ccccc12",
        "Oc1cc(S)cc2ccc3ccccc3c12",
        "OCCc1ccc2ccc3ccccc3c2c1",
        "OCc1ccc2ccc3ccccc3c2c1",
        "O=CCCc1c2ccccc2cc2ccccc12",
        "OCc1ccc2ccc3ccccc3c2n1",
        "Oc1ccc(S)c2ccc3ccccc3c12",
        "O=Cc1ccnc2cc3ccccc3cc12",
        "Oc1ccc2cc3ccccc3cc2c1S",
        "O=CCCCc1c2ccccc2cc2ccccc12",
        "OCCOc1ccc2c(ccc3ccccc32)c1",
        "Oc1cc(O)c2c(ccc3ccccc32)c1",
        "Oc1cncc2cc3ccccc3cc12",
        "CCOc1ccc2c(ccc3ccccc32)c1",
        "O=Cc1cncc2ccc3ccccc3c12",
        "Sc1ccc2cc3ccccc3cc2c1",
        "CCOc1ccc2cc3ccccc3cc2n1",
        "c1ccc2c(c1)ccc1ccccc12",
        "O=Cc1cc2c(ccc3ccccc32)cn1",
        "Sc1cc(S)c2cc3ccccc3cc2c1",
        "c1ccc2c(c1)cnc1ccccc12",
        "OCCc1ccc2ccc3ccccc3c2c1O",
        "OCC(O)c1cccc2cc3ccccc3cc12",
        "OCc1cc2cc3ccccc3cc2cc1CO",
        "OCc1ncc2c(ccc3ccccc32)c1O",
        "CCOc1cc(C=O)c2c(ccc3ccccc32)c1",
        "COc1c(C)cc(C=O)c2ccc3ccccc3c12",
        "O=C(CO)c1cccc2ccc3ccccc3c12",
        "CCOc1c(C=O)ccc2c1ccc1ccccc12",
        "OCCCc1ccnc2ccc3ccccc3c12",
        "CCOc1ccc2cc3ccccc3cc2c1C",
        "SCc1ccc(CS)c2c1ccc1ccccc12"
    ],
    "extra_smiles_list": [
        "c1ccc2c(c1)ccc3ccccc23",
        "c1ccc2cc3ccccc3cc2c1",
        "C12=CC=CC=C1C=C3C(C=C(C=CC=C4)C4=C3)=C2",
        "c1ccc2c(c1)ccc3c2ccc4c3cccc4",
        "C1(C(C=CC=C2)=C2C3=C4CC=C3)=C4C=CC=C1",
        "C1(C=CC=C2C=C3)=C2C(C3=CC=C4)=C4C=C1",
        "C"
    ],
    "ele_ratio": {
        "C": 89.76475910427504,
        "H": 4.648269622257408,
        "N": 1.3571590137977831,
        "S": 0.5089346301741687,
        "O": 3.7208776294955803
    },
    "C90": 0.739,
    "C180": 0.062,
    "C_atom": [
        100,
        200
    ]
}